Websrv-224,zfs1,w
Websrv-034,zfs1,w
Websrv-231,zfs1,w
Websrv-209,zfs1,w
Websrv-207,zfs1,w
Websrv-238,zfs1,w
Websrv-046,zfs1,w
Websrv-241,zfs1,w
Websrv-038,zfs1,w
Websrv-217,zfs1,w
Websrv-030,zfs1,w
Websrv-204,zfs1,w
Websrv-031,zfs1,w
Websrv-227,zfs1,w
Websrv-240,zfs1,w
Websrv-235,zfs1,w
Websrv-232,zfs1,w
Websrv-032,zfs1,w
Websrv-050,zfs1,w
Websrv-214,zfs1,w
Websrv-244,zfs1,w
Websrv-043,zfs1,w
Websrv-037,zfs1,w
Websrv-057,zfs1,w
Websrv-024,zfs1,w
Websrv-042,zfs1,w
Websrv-059,zfs1,w
Websrv-225,zfs1,w
Websrv-023,zfs1,w
Websrv-045,zfs1,w
Websrv-056,zfs1,w
Websrv-234,zfs1,w
Websrv-210,zfs1,w
Websrv-036,zfs1,w
Websrv-027,zfs1,w
Websrv-053,zfs1,w
Websrv-047,zfs1,w
Websrv-044,zfs1,w
Websrv-059r,zfs1,w
Websrv-054,zfs1,w
Websrv-049,zfs1,w
Websrv-020,zfs1,w
Websrv-029,zfs1,w
Websrv-211,zfs1,w
Websrv-212,zfs1,w
Websrv-060,zfs1,w
Websrv-222,zfs1,w
Websrv-048,zfs1,w
Websrv-248,zfs1,w
Websrv-206,zfs1,w
Websrv-242,zfs1,w
Websrv-061,zfs1,w
Websrv-223,zfs1,w
Websrv-033,zfs1,w
Websrv-203,zfs1,w
Websrv-109,zfs1,w
Websrv-218,zfs1,w
Websrv-041,zfs1,w
Websrv-208,zfs1,w
Websrv-226,zfs1,w
Websrv-221,zfs1,w
Websrv-230,zfs1,w
Websrv-220,zfs1,w
Websrv-219,zfs1,w
Websrv-062,zfs1,w
Websrv-021,zfs1,w
Websrv-246,zfs1,w
Websrv-215,zfs1,w
Websrv-026,zfs1,w
Websrv-249,zfs1,w
Websrv-022,zfs1,w
Websrv-237,zfs1,w
Websrv-228,zfs1,w
Websrv-055,zfs1,w
Websrv-236,zfs1,w
Websrv-192,zfs1,w
Websrv-058,zfs1,w
Websrv-233,zfs1,w
Websrv-247,zfs1,w
Websrv-028,zfs1,w
